City_ID,City,Lat,Lng,Max Temp,Humidity,Cloudiness,Wind Speed,Country,Date
0,ribeira grande,38.5167,-28.7,12.22,87,75,2.57,PT,1679699005
1,cape town,-33.9258,18.4232,18.82,82,40,7.2,ZA,1679698800
2,belmonte,-15.8631,-38.8828,25.49,83,8,3.83,BR,1679699005
3,hithadhoo,-0.6,73.0833,26.88,78,100,1.25,MV,1679699006
4,new norfolk,-42.7826,147.0587,15.4,52,78,0.45,AU,1679699006
5,korla,41.7597,86.1469,7.48,35,0,5.02,CN,1679699006
6,busselton,-33.65,115.3333,18.25,84,81,5.95,AU,1679699007
7,cherskiy,68.75,161.3,-24.01,91,61,1.14,RU,1679699007
8,qasigiannguit,68.8193,-51.1922,-10.86,97,100,2.09,GL,1679699008
9,merauke,-8.4667,140.3333,26.9,77,72,2.09,ID,1679699008
10,viseu,40.661,-7.9097,7.63,92,25,0.72,PT,1679699008
11,hermanus,-34.4187,19.2345,16.0,72,100,2.12,ZA,1679699009
12,roebourne,-20.7833,117.1333,28.47,68,6,3.5,AU,1679699009
13,constitucion,-35.3333,-72.4167,16.84,64,3,6.43,CL,1679699010
14,collie,-33.3667,116.15,18.11,84,89,3.81,AU,1679699010
15,butaritari,3.0707,172.7902,27.5,80,34,7.55,KI,1679699010
16,deputatskiy,69.3,139.9,-25.2,92,27,1.22,RU,1679699011
17,tasiilaq,65.6145,-37.6368,-12.91,60,100,2.57,GL,1679699011
18,mataura,-46.1927,168.8643,14.15,97,100,1.52,NZ,1679699012
19,ivankiv,50.9386,29.8943,13.24,68,100,5.3,UA,1679699012
20,bredasdorp,-34.5322,20.0403,17.51,80,99,1.43,ZA,1679699013
21,qaanaaq,77.484,-69.3632,-22.52,62,5,3.11,GL,1679699013
22,yellowknife,62.456,-114.3525,-8.71,48,75,1.54,CA,1679699013
23,vaini,-21.2,-175.2,29.09,79,75,4.12,TO,1679699014
24,lake city,30.1897,-82.6393,28.21,50,0,4.63,US,1679699014
25,aktau,43.65,51.2,5.32,71,35,4.0,KZ,1679699015
26,klaksvik,62.2266,-6.589,2.51,60,100,10.99,FO,1679699015
27,tanout,14.9709,8.8879,24.51,14,25,6.27,NE,1679699015
28,inuvik,68.3499,-133.7218,-1.52,52,75,1.54,CA,1679699016
29,bandarbeyla,9.4942,50.8122,26.8,80,83,3.7,SO,1679699016
30,camacha,33.0833,-16.3333,15.68,77,20,4.12,PT,1679699017
31,griffith,41.5284,-87.4237,8.5,72,75,4.63,US,1679699017
32,san ramon,37.7799,-121.978,15.16,43,0,6.17,US,1679698947
33,georgetown,5.4112,100.3354,25.97,89,20,2.68,MY,1679698953
34,hami,42.8,93.45,6.17,21,73,2.57,CN,1679699018
35,barinas,8.6226,-70.2075,31.73,28,81,2.18,VE,1679699018
36,kavieng,-2.5744,150.7967,28.65,68,94,2.34,PG,1679699019
37,te anau,-45.4167,167.7167,12.68,95,99,0.9,NZ,1679699019
38,qaqortoq,60.7167,-46.0333,-5.29,85,97,2.83,GL,1679699020
39,batagay,67.6333,134.6333,-20.51,97,100,2.97,RU,1679699020
40,khatanga,71.9667,102.5,-14.06,86,100,7.41,RU,1679699020
41,bengkulu,-3.8004,102.2655,23.36,95,100,2.03,ID,1679699021
42,acarau,-2.8856,-40.12,25.71,83,91,3.21,BR,1679699021
43,kieta,-6.2167,155.6333,28.52,65,86,2.99,PG,1679699021
44,kapaa,22.0752,-159.319,27.29,61,16,2.24,US,1679699022
45,omboue,-1.5746,9.2618,25.07,86,100,1.2,GA,1679699022
46,meulaboh,4.1363,96.1285,23.83,89,100,0.82,ID,1679699023
47,aklavik,68.2191,-135.0107,-4.0,54,40,2.06,CA,1679699023
48,dikson,73.5069,80.5464,-17.36,95,100,5.75,RU,1679699024
49,tuktoyaktuk,69.4541,-133.0374,-8.0,73,40,6.17,CA,1679699004
50,hilo,19.7297,-155.09,29.04,79,26,4.47,US,1679699024
51,port elizabeth,-33.918,25.5701,20.16,96,20,7.72,ZA,1679699025
52,jamestown,42.097,-79.2353,6.96,65,0,2.57,US,1679699025
53,antalaha,-14.9003,50.2788,23.11,93,100,2.89,MG,1679699025
54,nikolskoye,59.7035,30.7861,4.95,95,100,4.04,RU,1679699026
55,mar del plata,-38.0023,-57.5575,21.16,85,81,2.57,AR,1679699026
56,ilulissat,69.2167,-51.1,-10.99,67,100,2.57,GL,1679699027
57,rikitea,-23.1203,-134.9692,25.75,69,86,3.16,PF,1679699027
58,blagoyevo,63.3667,47.9167,-12.64,100,97,0.31,RU,1679699027
59,sao filipe,14.8961,-24.4956,22.08,69,30,4.82,CV,1679699028
60,brovary,50.5,30.7667,14.38,72,100,4.36,UA,1679699028
61,madera,37.1666,-119.8343,14.2,67,27,5.97,US,1679698984
62,lebu,-37.6167,-73.65,13.9,81,0,8.35,CL,1679699029
63,port alfred,-33.5906,26.891,21.21,92,75,0.89,ZA,1679699029
64,tuatapere,-46.1333,167.6833,13.64,86,99,2.85,NZ,1679699030
65,bluff,-46.6,168.3333,14.33,68,98,9.17,NZ,1679699030
66,tilichiki,60.4667,166.1,-16.69,93,100,9.41,RU,1679699030
67,punta arenas,-53.15,-70.9167,7.06,61,20,10.8,CL,1679699031
68,yarada,17.65,83.2667,26.49,82,3,3.55,IN,1679699032
69,half moon bay,37.4636,-122.4286,15.69,58,20,9.26,US,1679699033
70,thompson,55.7435,-97.8558,-5.91,53,0,5.14,CA,1679698839
71,albany,42.6001,-73.9662,7.57,50,94,4.02,US,1679698986
72,saint-philippe,-21.3585,55.7679,23.77,83,98,0.91,RE,1679699034
73,saint george,37.1041,-113.5841,13.47,34,100,3.58,US,1679698958
74,ahuas,15.4759,-84.3553,26.68,72,49,3.95,HN,1679699035
75,kavaratti,10.5669,72.642,27.48,72,100,3.86,IN,1679699035
76,saint-francois,46.4154,3.9054,10.69,62,20,3.6,FR,1679699036
77,isangel,-19.55,169.2667,27.71,76,98,2.97,VU,1679699036
78,dongsheng,39.8161,109.9776,-2.66,83,59,2.9,CN,1679699037
79,puerto rico,-26.796,-55.024,21.24,95,82,0.93,AR,1679699037
80,ushuaia,-54.8,-68.3,6.81,65,40,11.83,AR,1679698894
81,atuona,-9.8,-139.0333,27.15,72,9,5.69,PF,1679699038
82,chapais,49.7834,-74.8492,-4.12,92,100,1.58,CA,1679699038
83,touros,-5.1989,-35.4608,26.17,80,23,3.29,BR,1679698785
84,altay,47.8667,88.1167,-4.93,61,0,3.45,CN,1679699039
85,waingapu,-9.6567,120.2641,26.48,83,89,1.05,ID,1679699039
86,severo-kurilsk,50.6789,156.125,-4.85,81,99,15.99,RU,1679699040
87,greenfield,42.9614,-88.0126,5.01,60,75,6.69,US,1679699040
88,hofn,64.2539,-15.2082,-2.0,68,100,8.61,IS,1679699041
89,guerrero negro,27.9769,-114.0611,16.52,55,0,10.54,MX,1679699041
90,upernavik,72.7868,-56.1549,-27.21,93,24,1.27,GL,1679699042
91,okhotsk,59.3833,143.3,-19.1,72,0,8.15,RU,1679699042
92,chase,50.8165,-119.6857,7.86,61,99,1.59,CA,1679699043
93,cidreira,-30.1811,-50.2056,23.58,85,39,5.0,BR,1679699044
94,sitka,57.0531,-135.33,5.68,71,61,0.46,US,1679699044
95,atikokan,48.7555,-91.6216,0.75,86,7,2.54,CA,1679699045
96,boueni,-12.9025,45.0761,27.99,73,83,2.21,YT,1679699046
97,vila,42.0304,-8.1588,4.49,86,2,1.28,PT,1679699047
98,plouzane,48.3833,-4.6167,10.1,79,75,10.29,FR,1679699047
99,castro,-24.7911,-50.0119,19.52,86,52,0.49,BR,1679699048
100,erdenet,49.0333,104.0833,-17.21,91,12,1.57,MN,1679699048
101,barrow,71.2906,-156.7887,-13.99,78,100,6.17,US,1679699049
102,port macquarie,-31.4333,152.9167,23.83,85,58,1.63,AU,1679699050
103,vestmannaeyjar,63.4427,-20.2734,0.17,54,98,1.94,IS,1679698772
104,iskateley,67.6803,53.1512,-23.49,100,68,2.18,RU,1679699051
105,metaxades,41.4204,26.225,8.88,83,48,0.95,GR,1679699052
106,flinders,-34.5833,150.8552,20.77,91,99,0.89,AU,1679699052
107,puerto ayora,-0.7393,-90.3518,29.98,92,68,1.79,EC,1679699053
108,camopi,3.1655,-52.3158,22.3,99,100,1.25,GF,1679699053
109,okha,53.5739,142.9478,-9.64,83,92,6.61,RU,1679699054
110,damietta,31.4165,31.8133,16.94,77,100,3.13,EG,1679699055
111,nanortalik,60.1432,-45.2371,-3.09,85,100,2.89,GL,1679699056
112,chokurdakh,70.6333,147.9167,-28.67,99,59,2.52,RU,1679699057
113,kaitangata,-46.2817,169.8464,11.62,95,100,3.01,NZ,1679699058
114,erzin,36.9559,36.2,14.65,82,100,3.08,TR,1679699059
115,baculin,7.4525,126.5842,26.85,81,100,3.37,PH,1679699059
116,avarua,-21.2078,-159.775,29.03,79,98,5.14,CK,1679699060
117,kushmurun,52.4503,64.6311,0.71,96,98,5.02,KZ,1679699061
118,andenes,69.3143,16.1194,-3.37,74,75,3.09,NO,1679698996
119,saskylakh,71.9167,114.0833,-15.38,88,85,5.33,RU,1679699063
120,longyearbyen,78.2186,15.6401,-16.09,72,20,2.06,SJ,1679698995
121,bambous virieux,-20.3428,57.7575,24.56,88,20,1.54,MU,1679699063
122,saint-pierre,-21.3393,55.4781,23.82,73,0,2.57,RE,1679698499
123,vallenar,-28.5708,-70.7581,22.17,63,0,2.27,CL,1679698947
124,kruisfontein,-34.0033,24.7314,22.57,72,100,3.69,ZA,1679699065
125,tiznit,29.5833,-9.5,20.87,21,0,0.44,MA,1679699065
126,itarema,-2.9248,-39.9167,25.36,83,99,2.91,BR,1679699066
127,bollnas,61.3482,16.3946,-1.92,92,100,3.66,SE,1679699067
128,talnakh,69.4865,88.3972,-18.05,98,100,2.93,RU,1679699067
129,cap malheureux,-19.9842,57.6142,24.7,80,41,0.45,MU,1679699068
130,hailar,49.2,119.7,-21.47,97,73,1.57,CN,1679699069
131,provideniya,64.3833,-173.3,-16.43,83,30,2.33,RU,1679699070
132,beringovskiy,63.05,179.3167,-16.34,82,100,5.09,RU,1679699070
133,norrtalje,59.758,18.705,4.45,95,100,4.82,SE,1679699071
134,jumla,29.2747,82.1838,5.11,81,57,1.86,NP,1679698955
135,morondava,-20.2833,44.2833,25.55,82,21,2.54,MG,1679699072
136,juneau,58.3019,-134.4197,5.23,100,89,0.95,US,1679698941
137,lahij,13.1667,44.5833,24.67,79,45,2.94,YE,1679699073
138,las cruces,32.3123,-106.7783,17.06,25,40,14.4,US,1679698884
139,tallahassee,30.4383,-84.2807,26.11,67,20,5.14,US,1679698956
140,sur,22.5667,59.5289,22.79,63,0,2.82,OM,1679699074
141,port hardy,50.6996,-127.4199,6.1,81,75,2.06,CA,1679699075
142,berlevag,70.8578,29.0864,-7.11,86,75,4.63,NO,1679699076
143,purpe,64.4803,76.6897,-2.7,99,100,1.84,RU,1679699077
144,pedernales,18.0384,-71.744,26.48,65,2,0.5,DO,1679699077
145,storslett,69.7678,21.0247,-7.0,93,100,0.0,NO,1679699081
146,rocha,-34.4833,-54.3333,19.51,97,99,3.0,UY,1679698520
147,kismayo,-0.3582,42.5454,27.4,81,86,4.59,SO,1679699082
148,qena,26.1615,32.7183,22.1,39,0,5.5,EG,1679699082
149,bethlehem,-1.4558,-48.5044,27.02,83,75,1.03,BR,1679698942
150,khasan,42.4308,130.6434,1.78,40,0,4.09,RU,1679699083
151,beloha,-25.1667,45.05,21.64,81,12,4.98,MG,1679699083
152,katsuura,35.1333,140.3,12.01,90,100,10.84,JP,1679699083
153,acapulco,16.8634,-99.8901,28.9,70,20,4.63,MX,1679699051
154,fort-shevchenko,44.5086,50.263,11.01,63,59,4.34,KZ,1679699084
155,mahebourg,-20.4081,57.7,24.58,88,20,1.54,MU,1679699043
156,talcahuano,-36.7167,-73.1167,20.82,56,0,7.2,CL,1679698951
157,barcelos,41.5388,-8.6151,12.69,92,11,1.49,PT,1679699085
158,puerto del rosario,28.5004,-13.8627,18.86,82,20,6.17,ES,1679699085
159,cabo san lucas,22.8909,-109.9124,28.12,51,46,4.44,MX,1679698788
160,los llanos de aridane,28.6585,-17.9182,16.86,77,0,5.14,ES,1679699085
161,marawi,7.9986,124.2928,21.64,90,95,0.41,PH,1679699086
162,saldanha,-33.0117,17.9442,18.03,91,28,7.61,ZA,1679699086
163,tevriz,57.509,72.4042,1.72,95,100,4.63,RU,1679699087
164,ishinomaki,38.4167,141.3,7.0,74,100,5.62,JP,1679699087
165,chuy,-33.6971,-53.4616,21.46,87,88,3.4,UY,1679699088
166,hobart,-42.8794,147.3294,15.03,65,75,3.6,AU,1679698846
167,cape canaveral,28.4058,-80.6048,26.22,81,0,6.69,US,1679699088
168,lensk,60.7253,114.9278,-9.44,93,83,3.47,RU,1679699088
169,silopi,37.2497,42.4694,12.65,61,100,2.37,TR,1679699089
170,codrington,-38.2667,141.9667,16.07,63,70,5.18,AU,1679699089
171,zarichne,51.8126,26.129,12.46,74,100,5.5,UA,1679699090
172,norman wells,65.282,-126.8329,-5.98,58,75,4.63,CA,1679699090
173,lander,42.833,-108.7307,4.21,51,0,2.57,US,1679698934
174,la reforma,25.0833,-108.05,27.25,28,3,8.95,MX,1679699091
175,kekri,25.9667,75.15,20.22,41,20,2.75,IN,1679699091
176,grants,35.1473,-107.8514,6.13,36,75,6.69,US,1679699092
177,erattupetta,9.7,76.7833,22.39,89,100,1.05,IN,1679699092
178,sao joao da ponte,-15.9292,-44.0078,22.25,33,0,2.24,BR,1679699092
179,fort collins,40.5853,-105.0844,10.1,32,100,5.14,US,1679698489
180,vung tau,10.346,107.0843,25.21,84,33,4.24,VN,1679699093
181,byron bay,-28.65,153.6167,22.41,83,84,3.3,AU,1679698937
182,rawson,-43.3002,-65.1023,23.54,27,7,4.23,AR,1679699093
183,kovernino,57.1253,43.8142,2.2,99,100,3.24,RU,1679699094
184,tiksi,71.6872,128.8694,-10.18,95,100,5.55,RU,1679699094
185,dalbandin,28.8947,64.4101,15.05,38,4,2.48,PK,1679699095
186,coihaique,-45.5752,-72.0662,13.97,47,75,4.12,CL,1679699031
187,tual,-5.6667,132.75,28.59,72,31,1.68,ID,1679699095
188,east london,-33.0153,27.9116,22.56,88,45,7.63,ZA,1679699096
189,matamoros,25.5333,-103.25,31.17,6,3,2.91,MX,1679698989
190,dudinka,69.4058,86.1778,-16.11,94,99,4.79,RU,1679699097
191,lubango,-14.9172,13.4925,15.82,95,100,0.74,AO,1679699097
192,victoria,22.2855,114.1577,25.67,89,49,1.79,HK,1679698947
193,fortuna,40.5982,-124.1573,9.96,69,40,7.2,US,1679699098
194,udachnyy,66.4167,112.4,-9.75,61,43,5.69,RU,1679699098
195,hella,67.2,14.4333,-5.92,68,30,4.63,NO,1679699098
196,lompoc,34.6391,-120.4579,18.16,68,2,11.62,US,1679699099
197,callaway,30.153,-85.5699,23.3,86,100,5.66,US,1679699099
198,kichera,55.9375,110.0997,-16.2,84,5,1.65,RU,1679699100
199,chunoyar,57.4467,97.3217,-4.59,95,100,3.81,RU,1679699100
200,sarakhs,36.5449,61.1577,13.66,27,100,3.45,IR,1679699100
201,bethel,41.3712,-73.414,10.98,49,97,0.45,US,1679699001
202,coahuayana,18.7333,-103.6833,29.21,49,88,2.95,MX,1679699101
203,torbay,47.6666,-52.7314,-1.9,95,100,12.35,CA,1679698999
204,kirksville,40.1948,-92.5833,9.34,59,100,5.66,US,1679699102
205,souillac,-20.5167,57.5167,24.21,88,20,1.54,MU,1679699104
206,mwanza,-2.5167,32.9,21.03,94,75,0.0,TZ,1679699105
207,kodiak,57.79,-152.4072,5.73,49,75,2.57,US,1679699106
208,tonbridge,51.1924,0.2753,10.45,52,97,3.58,GB,1679699106
209,bat khela,34.6167,71.9714,11.81,91,100,0.58,PK,1679699107
210,polonnaruwa,7.9333,81.0,22.68,95,66,1.28,LK,1679698940
211,zhezkazgan,47.8043,67.7144,2.13,78,0,3.23,KZ,1679699108
212,billings,45.7833,-108.5007,10.72,37,75,2.68,US,1679699051
213,yar-sale,66.8333,70.8333,-16.28,92,94,2.75,RU,1679699109
214,esperance,-33.8667,121.9,19.54,93,96,1.35,AU,1679698946
215,itoman,26.1247,127.6694,20.43,96,75,6.69,JP,1679699110
216,lagoa,39.05,-27.9833,12.56,81,100,7.19,PT,1679699111
217,olafsvik,64.8945,-23.7142,-2.29,71,78,10.92,IS,1679699112
218,krasnoye,49.9145,24.6134,13.09,72,100,3.86,UA,1679699112
219,boende,-0.2167,20.8667,21.6,99,100,1.27,CD,1679699113
220,sakakah,29.9697,40.2064,20.76,28,6,7.37,SA,1679699113
221,royal leamington spa,52.3,-1.5333,9.45,80,90,9.59,GB,1679699092
222,airai,-8.9266,125.4092,17.65,90,26,0.71,TL,1679699115
223,mandalgovi,45.7625,106.2708,-10.13,31,0,1.57,MN,1679699116
224,grivenskaya,45.6473,38.176,8.19,90,37,2.87,RU,1679699116
225,nouakchott,18.0858,-15.9785,20.96,82,0,6.44,MR,1679699117
226,george town,5.4112,100.3354,25.97,89,20,2.68,MY,1679699118
227,mount gambier,-37.8333,140.7667,15.31,65,80,3.8,AU,1679699118
228,ancud,-41.8697,-73.8203,12.97,94,100,1.28,CL,1679699119
229,alofi,-19.0595,-169.9187,29.94,70,40,4.12,NU,1679699120
230,margate,51.3813,1.3862,9.39,76,97,2.68,GB,1679699053
231,pevek,69.7008,170.3133,-24.94,95,65,1.47,RU,1679699121
232,whitley bay,55.0397,-1.4471,8.29,82,75,1.54,GB,1679699122
233,krasnokamensk,50.0979,118.0369,-17.75,97,28,1.23,RU,1679699122
234,susanville,40.4163,-120.653,4.91,40,75,5.66,US,1679699123
235,tomigusuku,26.185,127.675,20.3,96,75,6.69,JP,1679699123
236,luneburg,53.25,10.4,8.86,87,25,5.26,DE,1679699124
237,malumfashi,11.7853,7.6218,27.25,15,91,2.67,NG,1679699124
238,luderitz,-26.6481,15.1594,16.07,81,0,1.73,NA,1679699125
239,manggar,-2.8833,108.2667,25.7,81,100,1.79,ID,1679699125
240,letka,59.6011,49.4232,0.68,100,100,1.01,RU,1679699126
241,khandbari,27.3747,87.2039,14.54,64,48,1.45,NP,1679699128
242,hay river,60.8156,-115.7999,-10.02,62,20,6.69,CA,1679699128
243,itainopolis,-7.4469,-41.4783,26.73,61,84,0.19,BR,1679699129
244,gogrial,8.5332,28.1004,30.1,28,47,2.01,SS,1679699130
245,ostrovnoy,68.0531,39.5131,-10.76,91,86,3.85,RU,1679699131
246,daru,-9.0763,143.2092,26.98,81,96,1.0,PG,1679699131
247,sinnamary,5.3833,-52.95,25.02,84,91,4.04,GF,1679699132
248,adrar,20.5022,-10.0711,24.52,30,96,6.7,MR,1679699132
249,mragowo,53.8644,21.3051,7.0,92,98,2.45,PL,1679699133
250,arraial do cabo,-22.9661,-42.0278,26.92,78,0,5.14,BR,1679699134
251,ijevan,40.8783,45.1492,10.86,77,96,0.4,AM,1679699134
252,guarapari,-20.6667,-40.4975,26.05,86,0,3.9,BR,1679699135
253,kutulik,53.3508,102.7839,-12.25,96,100,1.13,RU,1679699136
254,paamiut,61.994,-49.6678,-8.67,89,46,2.8,GL,1679698997
255,soyo,-6.1349,12.3689,26.18,80,99,2.07,AO,1679699065
256,priiskovyy,51.9333,116.6333,-17.8,96,85,1.19,RU,1679699137
257,marienburg,54.0359,19.0266,9.38,92,88,3.72,PL,1679699138
258,kanungu,-0.9575,29.7897,15.09,94,79,1.61,UG,1679699138
259,batemans bay,-35.7167,150.1833,19.5,80,99,0.55,AU,1679699139
260,tura,25.5198,90.2201,18.27,73,0,1.76,IN,1679699139
261,gouyave,12.1646,-61.7296,25.43,78,20,4.63,GD,1679699140
262,roanoke rapids,36.4615,-77.6542,27.49,61,0,3.6,US,1679699140
263,la macarena,2.1837,-73.7849,29.9,41,96,1.19,CO,1679699140
264,dingle,10.9995,122.6711,25.9,85,50,3.65,PH,1679699141
265,winnipeg,49.8844,-97.147,0.99,78,20,6.71,CA,1679698723
266,belaya gora,68.5333,146.4167,-24.24,91,45,2.09,RU,1679699141
267,kashi,39.4547,75.9797,11.56,19,20,3.0,CN,1679699142
268,komsomolskiy,40.4272,71.7189,10.4,57,57,3.09,UZ,1679699142
269,dwarka,22.2394,68.9678,23.95,65,1,4.41,IN,1679699143
270,senanga,-16.1167,23.2667,19.33,94,100,2.35,ZM,1679699143
271,celestun,20.8667,-90.4,29.12,61,0,4.74,MX,1679699143
272,tanda,26.55,82.65,22.39,44,17,1.53,IN,1679699144
273,litovko,49.2361,135.1742,-9.95,91,47,0.64,RU,1679699144
274,mokolo,10.7398,13.8019,26.56,25,73,2.47,CM,1679699145
275,dalby,-27.1833,151.2667,26.66,48,64,1.25,AU,1679699146
276,cayenne,4.9333,-52.3333,27.02,74,0,3.6,GF,1679699069
277,jalu,29.0331,21.5482,15.47,57,1,7.55,LY,1679699146
278,san ciro de acosta,21.6333,-99.8167,38.02,9,36,4.9,MX,1679699147
279,euclides da cunha,-10.5075,-39.0158,21.46,88,76,2.09,BR,1679698889
280,aykhal,66.0,111.5,-11.69,89,59,6.38,RU,1679699147
281,lasa,46.6166,10.7002,9.46,97,100,1.83,IT,1679699148
282,dera bugti,29.0307,69.151,18.41,38,2,1.22,PK,1679699148
283,vila franca do campo,37.7167,-25.4333,16.23,91,100,8.12,PT,1679699148
284,northam,51.0333,-4.2167,9.1,87,53,11.62,GB,1679699149
285,cabedelo,-6.9811,-34.8339,27.37,81,50,3.72,BR,1679699149
286,mont-joli,48.5839,-68.1921,-0.28,74,75,6.69,CA,1679699150
287,copiapo,-27.3667,-70.3333,19.83,63,0,2.79,CL,1679699012
288,opuwo,-18.0607,13.84,19.82,59,85,2.21,NA,1679699150
289,skjervoy,70.0311,20.9714,-7.0,78,100,5.59,NO,1679699151
290,jizan,17.3333,42.6667,28.52,57,25,3.07,SA,1679699151
291,campina verde,-19.5356,-49.4864,24.34,70,39,1.91,BR,1679699152
292,hualmay,-11.0964,-77.6139,25.06,72,90,4.89,PE,1679699152
293,hamilton,39.1834,-84.5333,7.19,95,100,4.12,US,1679698587
294,jacareacanga,-6.2222,-57.7528,21.96,99,79,0.83,BR,1679699153
295,raudeberg,61.9875,5.1352,4.37,42,100,12.65,NO,1679699154
296,pisco,-13.7,-76.2167,24.03,78,75,7.2,PE,1679699154
297,burnie,-41.0667,145.9167,16.08,55,0,1.04,AU,1679699154
298,the valley,18.217,-63.0578,25.92,78,40,4.63,AI,1679699155
299,jiaxing,30.7522,120.75,5.97,86,100,2.13,CN,1679699155
300,sonoita,31.85,-112.8333,18.56,26,0,4.82,MX,1679699156
301,neryungri,56.6709,124.6491,-18.74,82,30,0.75,RU,1679699157
302,victor harbor,-35.5667,138.6167,13.71,69,36,6.9,AU,1679699157
303,college,64.8569,-147.8028,-4.68,79,100,4.12,US,1679699099
304,presidencia roque saenz pena,-26.7852,-60.4388,25.55,76,99,2.1,AR,1679699158
305,ahipara,-35.1667,173.1667,19.89,53,2,2.39,NZ,1679699158
306,sabana de torres,7.3915,-73.4957,30.34,62,26,1.13,CO,1679698947
307,payo,-3.7508,103.6372,22.4,98,100,0.59,ID,1679699159
308,yatou,37.15,122.3833,3.0,60,85,3.22,CN,1679699159
309,srednekolymsk,67.45,153.6833,-25.29,92,42,1.31,RU,1679699159
310,tigre,-34.426,-58.5796,24.08,79,20,5.66,AR,1679699160
311,walvis bay,-22.9575,14.5053,15.53,77,0,1.54,NA,1679699160
312,bilma,18.6853,12.9164,22.24,19,5,6.24,NE,1679699161
313,salamiyah,35.0113,37.0532,14.56,70,94,3.18,SY,1679699161
314,le port,-20.9373,55.2919,24.0,93,99,0.81,RE,1679699161
315,moyale,3.5167,39.0584,21.14,77,40,0.58,KE,1679699163
316,belmopan,17.25,-88.7667,35.21,62,0,3.48,BZ,1679699164
317,sao joao da barra,-21.6403,-41.0511,26.05,87,48,4.61,BR,1679699113
318,jiangkou,25.4872,119.1986,13.13,91,100,4.48,CN,1679699165
319,solnechnyy,50.7214,136.6319,-6.86,76,10,0.87,RU,1679699165
320,haldensleben,52.2891,11.4098,10.29,81,32,3.71,DE,1679699167
321,maicao,11.3832,-72.2432,28.0,55,75,6.28,CO,1679699167
322,padang,-0.9492,100.3543,24.42,91,100,2.13,ID,1679699168
323,dickinson,29.4608,-95.0513,28.41,83,75,7.2,US,1679699169
324,sao jose da coroa grande,-8.8978,-35.1478,25.93,83,19,3.17,BR,1679699169
325,pasighat,28.0667,95.3333,16.23,81,59,1.24,IN,1679699170
326,hegra,63.4644,11.114,-2.05,74,75,2.06,NO,1679699171
327,denia,38.8408,0.1057,21.42,50,25,2.68,ES,1679699171
328,turukhansk,65.8167,87.9833,-23.14,100,54,2.16,RU,1679699172
329,stromness,58.965,-3.296,4.98,86,100,6.26,GB,1679699172
330,ulladulla,-35.35,150.4667,19.87,75,98,0.57,AU,1679699173
331,nemuro,43.3236,145.575,-0.73,65,11,2.22,JP,1679699173
332,port lincoln,-34.7333,135.8667,17.56,70,51,6.78,AU,1679699174
333,pacific grove,36.6177,-121.9166,15.97,64,20,8.94,US,1679699175
334,cedar city,37.6775,-113.0619,5.54,31,75,10.29,US,1679699012
335,yerbogachen,61.2767,108.0108,-5.26,95,100,4.55,RU,1679699176
336,hervey bay,-25.2986,152.8535,24.81,68,4,1.96,AU,1679699176
337,antofagasta,-23.65,-70.4,21.6,76,28,1.17,CL,1679699096
338,faya,18.3851,42.4509,15.06,63,1,2.2,SA,1679699178
339,alice springs,-23.7,133.8833,21.75,30,54,0.0,AU,1679698972
340,broken hill,-31.95,141.4333,18.89,61,42,7.26,AU,1679699179
341,saurimo,-9.6608,20.3916,17.92,97,100,1.02,AO,1679699179
342,san andres,12.5847,-81.7006,29.01,65,40,5.14,CO,1679699180
343,moron,-34.6534,-58.6198,23.94,80,100,4.23,AR,1679699180
344,oranjemund,-28.55,16.4333,17.19,78,0,4.3,NA,1679699181
345,karatau,43.1667,70.4667,4.6,45,0,1.69,KZ,1679699181
346,lyuban,52.7985,28.0048,11.91,81,100,5.38,BY,1679699182
347,tongzi,28.7829,105.0877,11.78,91,100,2.73,CN,1679699183
348,tomatlan,19.9333,-105.25,32.8,27,69,6.51,MX,1679699183
349,ippy,6.2679,21.2247,26.72,52,97,1.94,CF,1679699184
350,ratne,51.6683,24.5303,12.33,80,100,4.78,UA,1679699185
351,hasaki,35.7333,140.8333,11.27,81,100,10.45,JP,1679699185
352,canton,23.1167,113.25,22.71,66,100,3.15,CN,1679699161
353,tigil,57.8,158.6667,-16.76,92,100,6.88,RU,1679699186
354,dubovka,49.0583,44.829,9.53,69,74,4.05,RU,1679699186
355,sampang,-7.1872,113.2394,25.73,86,100,2.44,ID,1679699187
356,provins,48.5833,3.1667,8.86,77,91,8.96,FR,1679699187
357,shambu,9.5667,37.1,13.68,25,58,0.27,ET,1679699188
358,narsaq,60.9167,-46.05,-2.88,87,93,2.93,GL,1679698997
359,changde,29.0464,111.6783,7.69,83,100,1.31,CN,1679699189
360,faanui,-16.4833,-151.75,28.0,76,17,5.33,PF,1679699190
361,goderich,43.7501,-81.7165,1.18,75,100,4.63,CA,1679699186
362,saint-joseph,-21.3667,55.6167,23.21,81,96,1.12,RE,1679699190
363,bardiyah,31.7561,25.0865,15.68,82,100,7.98,LY,1679699191
364,linkoping,58.4109,15.6216,6.43,89,100,8.75,SE,1679699191
365,taft,31.7471,54.2088,9.97,37,0,1.03,IR,1679699192
366,hobyo,5.3505,48.5268,27.79,79,16,5.69,SO,1679699192
367,iracoubo,5.4802,-53.2011,24.95,85,100,3.98,GF,1679699193
368,saint-georges,12.0564,-61.7485,25.82,78,20,4.63,GD,1679699170
369,mount isa,-20.7333,139.5,26.87,54,0,1.03,AU,1679699194
370,kuryk,43.2,51.65,10.99,69,46,3.58,KZ,1679699195
371,clyde river,70.4692,-68.5914,-26.87,69,0,1.54,CA,1679699195
372,nome,64.5011,-165.4064,-15.47,85,100,5.66,US,1679699196
373,nouadhibou,20.931,-17.0347,21.99,73,2,7.2,MR,1679699196
374,atchison,39.563,-95.1216,10.85,57,93,4.98,US,1679699198
375,bambanglipuro,-7.95,110.2833,25.08,88,97,1.31,ID,1679699198
376,nagato,34.3833,131.2,11.06,82,100,9.31,JP,1679699200
377,banjar,-8.19,114.9675,25.27,88,100,0.97,ID,1679699201
378,orange cove,36.6244,-119.3137,16.0,51,40,4.63,US,1679699201
379,buluang,13.3068,123.3425,25.28,89,24,1.29,PH,1679699201
380,port blair,11.6667,92.75,25.47,82,33,2.33,IN,1679699202
381,zalantun,48.0,122.7167,-5.04,51,98,2.58,CN,1679699202
382,bereznik,62.8551,42.7072,-3.82,92,100,2.66,RU,1679699203
383,tambopata,-12.7333,-69.1833,22.94,94,75,1.54,PE,1679699203
384,kot diji,27.3427,68.7083,17.01,27,3,3.42,PK,1679699203
385,ust-omchug,61.15,149.6333,-27.67,93,58,2.25,RU,1679699204
386,langsa,4.4683,97.9683,22.79,95,88,1.3,ID,1679699204
387,limbang,4.75,115.0,24.06,97,98,0.6,MY,1679699205
388,eyrarbakki,63.863,-21.1481,-2.66,54,31,6.75,IS,1679699206
389,kirakira,-10.4544,161.9205,27.95,80,100,4.08,SB,1679699206
390,along,28.1667,94.7667,13.69,93,79,0.65,IN,1679699206
391,santiago,-33.4569,-70.6483,30.69,17,0,8.23,CL,1679699044
392,panguna,-6.3164,155.4848,26.01,56,89,1.67,PG,1679699207
393,domna,51.8971,113.1573,-18.91,76,23,0.0,RU,1679699207
394,ossora,59.2353,163.0719,-14.56,91,100,13.51,RU,1679699208
395,manaure,11.7751,-72.4445,28.16,61,62,9.44,CO,1679699208
396,vanimo,-2.6741,141.3028,24.12,92,100,3.54,PG,1679699209
397,cambridge,43.3601,-80.3127,5.21,51,0,1.54,CA,1679698683
398,gat,31.61,34.7642,23.55,50,83,0.86,IL,1679699133
399,visnes,59.3556,5.2242,6.23,93,100,3.09,NO,1679699209
400,marsa matruh,31.3525,27.2453,16.11,88,40,5.14,EG,1679699182
401,araouane,18.9048,-3.5265,24.56,12,0,5.27,ML,1679699210
402,lakatoro,-16.0999,167.4164,26.45,81,100,1.18,VU,1679699210
403,sibolga,1.7427,98.7792,24.25,91,100,1.05,ID,1679699211
404,hegang,47.4,130.3667,-3.45,39,15,1.73,CN,1679699211
405,nanchong,30.7951,106.0847,10.08,91,100,1.76,CN,1679699211
406,fayetteville,35.0527,-78.8784,28.61,38,0,5.66,US,1679698970
407,boa vista,2.8197,-60.6733,30.99,48,0,2.57,BR,1679699212
408,grindavik,63.8424,-22.4338,-1.74,64,20,7.2,IS,1679699212
409,shimoda,34.6667,138.95,10.06,91,100,9.34,JP,1679699213
410,kenai,60.5544,-151.2583,2.3,73,0,10.8,US,1679699213
411,wageningen,51.9667,5.6667,10.05,84,75,7.72,NL,1679699214
412,umm lajj,25.0213,37.2685,23.84,41,13,6.23,SA,1679699214
413,eyl,7.9803,49.8164,26.91,82,19,5.29,SO,1679699075
414,lerwick,60.1545,-1.1494,5.0,67,100,11.7,GB,1679699214
415,korhogo,9.45,-5.6333,26.82,54,40,2.75,CI,1679699215
416,banda aceh,5.5577,95.3222,25.67,83,100,1.62,ID,1679699215
417,bom jardim,-7.7958,-35.5872,23.12,89,82,2.6,BR,1679699161
418,sabang,5.8933,95.3214,27.6,74,100,2.66,ID,1679699216
419,tirumullaivasal,11.2333,79.8333,25.96,83,97,3.78,IN,1679699216
420,iwaki,37.05,140.8833,10.01,86,100,0.45,JP,1679699217
421,arlit,18.7369,7.3853,24.6,20,8,4.42,NE,1679699217
422,vila velha,-20.3297,-40.2925,26.08,88,20,2.06,BR,1679699202
423,kamakwie,9.5,-12.2333,26.27,59,24,2.5,SL,1679699218
424,waitara,-38.925,174.25,17.22,67,100,4.49,NZ,1679699218
425,pervomayskoye,43.919,46.7102,10.36,60,65,2.32,RU,1679699220
426,sisimiut,66.9395,-53.6735,-15.94,92,99,3.39,GL,1679699220
427,laguna,38.421,-121.4238,16.16,30,0,4.12,US,1679699221
428,kloulklubed,7.0419,134.2556,27.28,79,93,8.91,PW,1679699221
429,bismil,37.8486,40.6658,12.06,86,95,1.08,TR,1679699222
430,kahului,20.8947,-156.47,28.25,66,20,4.12,US,1679699223
431,ibra,22.6906,58.5334,19.65,68,0,2.67,OM,1679699223
432,milkovo,54.7167,158.6167,-10.62,80,100,2.97,RU,1679699224
433,lorengau,-2.0226,147.2712,29.02,65,91,2.93,PG,1679699225
434,harper,4.375,-7.7169,26.4,87,100,2.96,LR,1679699225
435,colac,-38.3333,143.5833,13.43,80,79,2.34,AU,1679699226
436,ranau,5.9538,116.6641,21.3,95,93,0.23,MY,1679699226
437,muros,42.7762,-9.0603,12.69,86,5,3.06,ES,1679699227
438,georgiyevka,43.0369,74.7114,3.02,87,0,1.0,KZ,1679699227
439,leningradskiy,69.3833,178.4167,-20.68,82,51,1.75,RU,1679699228
440,cairns,-16.9167,145.7667,28.37,85,40,4.63,AU,1679699060
441,wonthaggi,-38.6044,145.5913,17.12,64,98,4.07,AU,1679699229
442,bagan,54.1001,77.6646,-6.98,89,73,3.47,RU,1679699230
443,arrecife,28.963,-13.5477,20.99,28,0,6.17,ES,1679699230
444,kasempa,-13.4584,25.8338,16.89,98,97,2.18,ZM,1679699231
445,biak,-0.9131,122.8766,25.53,82,87,0.2,ID,1679699232
446,lavrentiya,65.5833,-171.0,-18.9,80,47,1.75,RU,1679699232
447,angoche,-16.2325,39.9086,24.29,89,63,3.64,MZ,1679699232
448,mogok,22.9167,96.5,14.86,46,0,0.7,MM,1679699233
449,surt,31.2089,16.5887,15.84,69,0,3.35,LY,1679698989
450,nuuk,64.1835,-51.7216,-7.66,79,75,7.72,GL,1679699234
451,pampa,35.5362,-100.9599,16.02,33,29,5.66,US,1679699034
452,pangnirtung,66.1451,-65.7125,-24.09,90,28,2.44,CA,1679699235
453,asau,46.4333,26.4,7.51,68,99,2.49,RO,1679699236
454,untsukul,42.7115,46.7866,9.14,74,97,1.26,RU,1679699236
455,tokmak,47.2514,35.7058,9.09,88,81,3.05,UA,1679699237
456,chumikan,54.7183,135.315,-12.09,84,68,8.0,RU,1679699237
457,pemberton,50.3164,-122.8027,6.59,54,100,1.6,CA,1679699238
458,sharjah,25.3573,55.4033,20.99,68,40,2.57,AE,1679699051
459,warrnambool,-38.3833,142.4833,15.74,70,60,5.14,AU,1679699149
460,kedougou,12.5579,-12.1743,29.88,24,11,1.21,SN,1679699239
461,farah,32.5,62.5,11.48,46,32,1.31,AF,1679699240
462,dunedin,-45.8742,170.5036,16.24,69,99,4.45,NZ,1679699004
463,mae chan,20.1467,99.8526,20.13,47,1,1.16,TH,1679699241
464,ghugus,19.9333,79.1333,28.53,49,43,2.31,IN,1679699241
465,freeport,40.6576,-73.5832,12.77,61,0,3.09,US,1679699242
466,hannibal,39.7084,-91.3585,8.04,87,100,2.57,US,1679699061
467,lubao,14.9167,120.55,28.84,82,6,1.94,PH,1679699244
468,nioro,13.35,-15.75,25.28,41,2,3.51,GM,1679699245
469,salalah,17.0151,54.0924,25.05,78,0,2.06,OM,1679699246
470,balete,14.0198,121.0951,25.48,85,29,1.85,PH,1679699246
471,namibe,-15.1961,12.1522,23.87,77,92,2.56,AO,1679699247
472,najran,17.4924,44.1277,22.11,49,25,0.65,SA,1679699248
473,buchanan,5.8808,-10.0467,26.25,89,67,1.94,LR,1679699249
474,geraldton,-28.7667,114.6,19.23,88,78,2.57,AU,1679699249
475,benguela,-12.5763,13.4055,25.81,81,26,1.98,AO,1679699250
476,tyazhinskiy,56.116,88.524,-2.99,81,100,8.35,RU,1679699250
477,makakilo city,21.3469,-158.0858,27.18,69,0,4.12,US,1679699251
478,bathsheba,13.2167,-59.5167,26.34,69,20,6.17,BB,1679699251
479,ponta do sol,32.6667,-17.1,18.35,68,13,2.54,PT,1679699252
480,carnarvon,-24.8667,113.6333,23.98,81,4,4.17,AU,1679699252
481,midland,31.9974,-102.0779,20.45,13,0,14.4,US,1679698977
482,chernoistochinsk,57.7364,59.8719,3.01,88,67,5.5,RU,1679699253
483,ust-kut,56.7938,105.7672,-11.61,97,86,1.89,RU,1679699255
484,payyannur,12.1,75.2,23.46,82,82,1.62,IN,1679699256
485,brookhaven,31.5791,-90.4407,22.91,76,44,6.66,US,1679699015
486,magadan,59.5667,150.8,-15.26,66,8,1.72,RU,1679699256
487,ende,-8.8432,121.6623,26.04,85,37,1.2,ID,1679699257
488,dhidhdhoo,6.8833,73.1,27.97,69,100,1.94,MV,1679699257
489,areosa,41.7178,-8.8571,10.83,86,4,1.46,PT,1679699258
490,belz,47.6751,-3.168,10.79,90,90,4.02,FR,1679699258
491,paracatu,-17.2222,-46.8747,23.76,59,48,1.83,BR,1679699152
492,wajir,1.7471,40.0573,28.16,65,58,4.17,KE,1679699259
493,itapetinga,-15.2489,-40.2478,23.4,70,33,2.87,BR,1679699259
494,iqaluit,63.7506,-68.5145,-20.73,76,100,1.47,CA,1679699260
495,mulege,26.8833,-111.9833,18.98,42,0,4.62,MX,1679699260
496,summerland,49.5998,-119.6691,5.99,58,100,1.87,CA,1679699260
497,laurel,39.0993,-76.8483,9.3,89,100,2.57,US,1679699116
498,neya,58.2972,43.8681,1.78,99,100,2.89,RU,1679699261
499,samokov,42.3333,23.55,5.81,69,66,2.15,BG,1679699261
500,yibin,28.7667,104.6238,12.46,89,100,2.16,CN,1679699262
501,nerchinskiy zavod,51.3088,119.61,-23.26,99,86,1.0,RU,1679699262
502,oriximina,-1.7656,-55.8661,24.75,83,55,0.71,BR,1679699263
503,khilok,51.3674,110.4676,-16.04,95,26,1.67,RU,1679699263
504,palasa,18.7667,84.4167,24.86,83,2,2.27,IN,1679699263
505,tungor,53.3808,142.9564,-9.19,80,91,6.22,RU,1679699264
506,la ronge,55.1001,-105.2842,-6.12,77,100,2.32,CA,1679699264
507,koygorodok,60.445,50.9968,0.37,99,100,0.98,RU,1679699264
508,veraval,20.9,70.3667,22.87,67,0,3.38,IN,1679699265
509,mabaruma,8.2,-59.7833,23.86,82,100,2.08,GY,1679699265
510,oregon city,45.3573,-122.6068,8.73,83,100,2.57,US,1679699000
511,sovetskiy,61.3614,63.5842,1.91,99,100,3.27,RU,1679699266
512,bonthe,7.5264,-12.505,24.89,83,11,3.33,SL,1679699266
513,brae,60.3964,-1.353,4.44,67,100,10.18,GB,1679699266
514,garowe,8.4054,48.4845,24.46,78,80,5.77,SO,1679699267
515,manavalakurichi,8.1333,77.3,25.8,84,93,1.17,IN,1679699267
516,minot,48.2325,-101.2963,2.12,69,0,2.57,US,1679699188
517,saint-augustin,51.226,-58.6502,-1.43,76,100,5.75,CA,1679699268
518,piopio,-38.4667,175.0167,16.43,66,81,2.15,NZ,1679699268
519,port hedland,-20.3167,118.5667,27.03,100,55,2.06,AU,1679699269
520,nikki,9.9401,3.2108,29.1,33,100,5.1,BJ,1679699269
521,iwamizawa,43.2003,141.7597,1.92,55,59,0.19,JP,1679699270
522,dehloran,32.6941,47.2679,18.95,55,2,1.36,IR,1679699270
523,ylivieska,64.0833,24.55,-10.85,99,99,1.98,FI,1679699271
524,husavik,66.0449,-17.3389,-5.15,87,100,1.95,IS,1679699271
525,ayan,56.45,138.1667,-8.59,70,5,4.04,RU,1679699272
526,imeni poliny osipenko,52.4201,136.4853,-13.49,93,68,2.64,RU,1679699272
527,batagay-alyta,67.8006,130.4114,-16.18,86,100,2.01,RU,1679699273
528,puri,19.8,85.85,25.29,82,5,4.07,IN,1679699048
529,moindou,-21.6924,165.677,27.27,61,95,1.21,NC,1679699274
530,boffa,10.1667,-14.0333,24.72,78,24,1.48,GN,1679699274
531,key west,24.5557,-81.7826,27.0,80,0,6.17,US,1679699189
532,kaniama,-7.5667,24.1833,18.96,97,100,0.52,CD,1679699275
533,roald,62.5833,6.1333,3.2,60,100,10.8,NO,1679699275
534,hovd,48.0056,91.6419,-5.99,43,3,0.19,MN,1679699275
535,whitehorse,60.7161,-135.0538,3.43,53,75,3.09,CA,1679699178
536,jinchang,38.4953,102.1739,1.95,40,0,1.69,CN,1679699276
537,ucluelet,48.9329,-125.5528,9.49,71,100,4.02,CA,1679699195
538,pouembout,-21.1333,164.9,28.87,58,99,2.01,NC,1679699277
539,harlingen,26.1906,-97.6961,37.25,31,0,3.6,US,1679699109
540,springfield,37.2153,-93.2982,11.21,96,100,4.02,US,1679699055
541,port shepstone,-30.7414,30.455,23.58,87,100,7.89,ZA,1679699277
542,goianesia,-15.3175,-49.1175,23.4,72,45,0.89,BR,1679699278
543,obo,5.3998,26.4869,26.36,45,52,1.76,CF,1679699278
544,ulaanbaatar,47.9077,106.8832,-21.93,77,0,1.0,MN,1679699199
545,morant bay,17.8815,-76.4093,27.06,77,10,4.01,JM,1679699279
546,exu,-7.5119,-39.7242,24.49,55,76,0.53,BR,1679699279
547,mananjary,-21.2167,48.3333,23.15,88,67,1.56,MG,1679699279
548,conde,-7.2597,-34.9075,26.7,78,0,2.06,BR,1679699280
549,banyo,6.75,11.8167,19.12,93,100,2.15,CM,1679699281
550,pareora,-44.4871,171.2132,17.5,69,100,3.95,NZ,1679699281
551,suba,10.8438,121.0102,27.63,82,72,6.63,PH,1679699282
552,poronaysk,49.2167,143.1167,-5.65,72,3,3.85,RU,1679699282
553,guantanamo,20.1444,-75.2092,28.59,57,2,3.55,CU,1679699283
554,talen,23.5667,76.7167,21.77,43,0,2.87,IN,1679699283
555,nyagan,62.1406,65.3936,1.26,99,100,2.51,RU,1679699284
556,urumqi,43.801,87.6005,2.53,52,0,1.0,CN,1679699284
557,thohoyandou,-22.9456,30.485,17.77,83,78,1.07,ZA,1679699285
558,abeokuta,7.15,3.35,26.78,79,99,2.99,NG,1679699285
559,north bend,43.4065,-124.2243,8.93,76,100,4.63,US,1679699117
560,ambilobe,-13.2,49.05,23.55,90,99,1.05,MG,1679699287
561,andra,62.5147,65.8878,0.87,98,100,2.91,RU,1679699287
